Date,Minimum temperature (°C),Maximum temperature (°C),Mean Temperature (°C),Rainfall (mm),Evaporation (mm),Sunshine (hours),Speed of maximum wind gust (km/h)
2021/03/07,11.3,28.5,19.9,0.0,6.0,7.9,26.0
2021/08/21,10.6,20.0,15.3,1.0,3.6,10.2,33.0
2021/10/01,13.6,22.2,17.9,21.8,2.8,5.8,30.0
2021/09/05,8.3,13.6,10.95,9.6,4.4,6.4,39.0
2021/09/15,5.3,15.9,10.6,0.2,3.0,10.8,31.0
2021/09/09,12.2,25.8,19.0,0.0,5.2,8.5,52.0
2021/04/15,14.0,20.2,17.1,0.0,7.4,5.4,39.0
2021/03/30,9.8,18.9,14.35,0.0,3.6,10.2,26.0
2021/06/14,9.7,16.4,13.049999999999999,0.0,1.4,1.6,15.0
2021/08/01,8.0,15.7,11.85,18.0,6.8,9.0,30.0
2022/01/06,18.3,30.2,24.25,0.0,6.6,9.9,39.0
2022/01/31,20.1,34.0,27.05,0.0,4.4,10.9,22.0
2022/01/05,18.5,29.3,23.9,0.0,1.8,5.0,37.0
2021/04/03,15.1,31.6,23.35,0.0,4.4,10.9,37.0
2021/12/14,15.9,21.0,18.45,0.0,10.4,11.2,31.0
2021/03/25,15.5,21.1,18.3,4.6,2.8,3.1,31.0
2021/11/18,10.9,26.9,18.9,0.0,5.0,5.2,67.0
2021/08/05,9.8,15.8,12.8,0.4,1.6,3.9,31.0
2021/03/12,14.9,30.3,22.6,0.0,4.0,10.1,26.0
2021/11/28,9.8,22.1,15.950000000000001,0.0,7.0,12.1,30.0
2021/09/01,9.8,23.5,16.65,0.0,6.6,10.7,35.0
2021/07/08,11.906116207951069,20.65718654434252,16.281651376146794,1.786544342507645,1.8,8.3,35.862385321100916
2021/12/02,18.4,33.0,25.7,11.8,12.2,8.8,41.0
2021/06/10,9.7,15.1,12.399999999999999,12.0,3.6,0.3,67.0
2021/08/22,11.3,22.2,16.75,0.0,4.0,10.6,57.0
2022/02/07,14.7,28.6,21.65,0.0,8.2,13.1,33.0
2022/01/22,17.7,32.3,25.0,0.0,12.0,13.3,35.0
2021/11/15,8.7,13.8,11.25,1.6,5.0,6.0,41.0
2021/08/19,8.2,17.4,12.799999999999999,0.0,2.6,8.3,31.0
2021/07/20,9.9,11.4,10.65,0.6,2.2,0.3,54.0
2021/09/17,7.1,22.2,14.649999999999999,0.0,3.6,5.8,59.0
2021/08/15,10.1,19.0,14.55,0.0,3.0,9.1,54.0
2021/06/06,6.7,14.7,10.7,0.0,2.6,4.2,39.0
2021/10/09,11.5,24.8,18.15,0.0,7.2,8.1,43.0
2021/03/28,12.4,20.2,16.3,0.0,4.4,3.9,24.0
2021/08/06,10.7,14.2,12.45,0.2,2.2,0.6,28.0
2021/10/30,7.3,15.9,11.6,1.0,4.2,7.8,35.0
2021/09/25,7.1,12.8,9.95,0.0,4.6,5.9,37.0
2022/02/13,17.1,32.1,24.6,0.0,8.6,9.1,54.0
2021/07/01,10.5,17.2,13.85,0.0,1.4,8.9,35.0
2021/06/08,9.3,13.2,11.25,3.0,4.8,2.3,48.0
2021/06/01,5.7,15.7,10.7,0.0,4.0,1.3,39.0
2021/03/08,13.7,19.6,16.65,0.2,6.0,0.0,31.0
2022/01/25,20.1,31.4,25.75,0.0,10.0,12.8,30.0
2022/02/12,15.7,28.3,22.0,0.0,6.4,12.4,33.0
2021/02/23,13.1,19.2,16.15,0.0,7.2,8.5,43.0
2022/01/19,15.4,26.7,21.05,0.0,7.2,13.6,52.0
2021/03/20,14.0,26.0,20.0,0.0,5.4,5.3,31.0
2021/11/06,16.6,27.0,21.8,0.0,5.4,4.3,43.0
2021/10/10,10.0,14.9,12.45,2.2,5.4,7.6,39.0
2022/03/18,19.1,21.7,20.4,0.0,5.0,2.0,31.0
2021/03/10,12.2,20.1,16.15,0.2,6.8,7.2,30.0
2021/05/13,8.1,17.6,12.850000000000001,0.0,1.2,1.0,39.0
2021/04/02,13.5,30.6,22.05,0.0,6.6,10.8,15.0
2021/07/05,4.6,13.1,8.85,0.4,1.6,1.9,22.0
2021/04/13,7.8,20.0,13.9,0.6,0.0,2.5,59.0
2021/11/01,8.7,23.2,15.95,0.0,4.6,12.5,26.0
2021/11/12,11.0,14.0,12.5,1.0,4.4,0.0,50.0
2021/03/06,14.2,19.4,16.799999999999997,0.0,5.6,10.0,33.0
2021/11/29,10.1,28.7,19.4,0.0,6.4,12.5,26.0
2021/05/20,12.0,17.0,14.5,0.0,4.0,0.2,37.0
2021/09/07,10.5,16.2,13.35,0.0,3.2,4.9,31.0
2021/09/11,13.2,22.8,18.0,0.0,6.4,1.1,46.0
2021/10/08,7.0,20.8,13.9,0.0,4.0,11.7,44.0
2021/06/18,6.1,13.2,9.649999999999999,1.6,1.8,0.1,26.0
2021/09/12,10.3,16.2,13.25,0.0,5.2,7.3,39.0
2021/04/20,14.0,18.7,16.35,0.0,5.6,1.9,44.0
2021/08/04,7.8,14.5,11.15,0.6,1.8,3.4,31.0
2021/03/16,11.1,20.6,15.850000000000001,0.0,2.2,8.0,26.0
2021/03/04,13.6,21.4,17.5,0.0,4.0,2.6,35.0
2021/11/23,14.7,26.1,20.4,0.0,6.8,2.4,43.0
2021/10/07,9.4,16.4,12.899999999999999,4.0,6.2,10.3,43.0
2021/06/15,7.0,15.6,11.3,0.0,0.8,0.0,24.0
2022/03/12,11.7,22.6,17.15,0.0,3.4,10.7,28.0
2021/10/22,13.7,27.3,20.5,0.0,4.6,6.1,41.0
2021/11/19,13.1,17.3,15.2,0.2,9.2,2.1,31.0
2021/03/31,11.4,22.8,17.1,0.0,3.2,8.9,19.0
2021/08/25,8.0,14.1,11.05,2.2,1.2,5.4,37.0
2021/09/20,10.7,13.8,12.25,0.4,5.6,6.6,50.0
2021/02/06,16.9,25.4,21.15,1.6,9.0,9.5,39.0
2021/12/23,13.8,19.9,16.85,0.0,5.8,8.7,31.0
2021/12/21,15.3,24.9,20.1,0.0,7.8,13.1,31.0
2021/09/21,6.3,13.2,9.75,8.0,3.0,3.5,43.0
2021/05/19,9.8,18.5,14.15,0.0,3.6,6.7,39.0
2021/10/14,8.2,19.4,13.799999999999999,14.8,6.2,10.0,39.0
2021/11/30,14.4,31.6,23.0,0.0,8.0,13.6,31.0
2021/09/22,7.9,17.8,12.850000000000001,0.2,0.8,6.2,26.0
2021/04/19,12.0,20.6,16.3,0.0,2.8,2.3,30.0
2021/09/02,15.0,26.6,20.8,0.0,7.6,10.8,65.0
2022/02/22,13.0,22.5,17.75,0.0,6.4,12.5,30.0
2021/06/27,9.7,15.3,12.5,0.0,2.4,4.9,26.0
2021/08/26,5.5,12.9,9.2,1.2,2.4,1.0,31.0
2021/05/28,11.0,13.8,12.4,0.4,0.4,0.5,39.0
2021/02/09,12.0,25.2,18.6,0.0,4.0,12.7,28.0
2021/06/28,6.4,15.1,10.75,0.0,1.4,9.0,24.0
2021/06/24,9.8,16.7,13.25,0.0,1.0,5.2,41.0
2021/09/28,7.7,23.0,15.35,0.0,6.0,9.1,24.0
2021/04/10,12.9,18.3,15.600000000000001,0.2,2.8,3.9,54.0
2021/03/29,13.8,18.2,16.0,1.0,2.8,8.0,35.0
2021/12/30,14.0,34.4,24.2,0.0,6.8,12.4,28.0
2021/04/05,16.0,19.0,17.5,0.0,5.8,8.1,30.0
2022/01/21,17.1,29.6,23.35,0.0,8.8,13.5,33.0
2021/06/12,7.4,16.5,11.95,9.4,0.4,1.0,33.0
2022/02/06,14.1,27.9,21.0,0.0,8.2,12.9,33.0
2021/12/10,13.5,17.9,15.7,0.0,2.2,6.2,43.0
2021/05/16,8.3,15.5,11.9,0.2,3.0,3.2,35.0
2021/07/30,8.0,14.9,11.45,0.0,2.6,6.4,61.0
2021/05/05,7.2,17.3,12.25,0.0,0.8,9.1,30.0
2021/02/22,15.9,21.8,18.85,0.0,2.8,6.3,43.0
2022/03/15,18.3,27.5,22.9,2.0,6.2,3.6,31.0
2022/03/13,14.0,29.8,21.9,0.0,5.8,11.6,43.0
2021/10/16,11.1,16.0,13.55,26.4,1.6,3.4,54.0
2021/06/29,4.2,16.7,10.45,0.0,2.2,8.8,43.0
2021/08/27,4.6,13.6,9.1,0.0,1.2,3.8,15.0
2021/11/09,8.0,20.3,14.15,0.0,4.2,9.2,22.0
2021/09/16,4.5,16.0,10.25,0.0,3.4,9.1,19.0
2021/03/23,17.6,22.0,19.8,13.8,0.6,0.6,30.0
2022/01/16,18.3,31.9,25.1,0.0,5.8,11.6,24.0
2021/12/13,15.3,32.7,24.0,0.0,8.0,8.3,50.0
2022/03/01,19.8,25.8,22.8,0.0,3.8,1.1,20.0
2021/12/08,10.7,17.3,14.0,2.0,3.0,8.7,43.0
2021/11/25,15.4,16.7,16.05,0.0,4.2,0.0,31.0
2021/02/20,20.3,23.8,22.05,0.0,13.6,5.9,33.0
2021/08/29,9.1,16.2,12.649999999999999,0.6,6.4,4.3,33.0
2021/10/17,10.8,17.4,14.1,0.4,4.8,5.6,24.0
2021/03/24,17.0,20.3,18.65,0.6,2.2,1.7,33.0
2021/06/13,10.9,15.9,13.4,0.0,1.4,0.7,17.0
2021/07/24,7.5,14.4,10.95,0.0,1.4,3.4,48.0
2021/07/04,6.5,13.1,9.8,0.2,1.2,3.5,46.0
2022/01/11,18.5,29.7,24.1,0.0,8.0,10.8,35.0
2022/01/09,16.1,21.9,19.0,0.0,2.4,9.7,30.0
2021/04/25,9.9,17.8,13.850000000000001,2.6,1.2,3.6,24.0
2021/09/30,13.1,18.1,15.600000000000001,3.4,2.0,0.4,24.0
2022/02/19,13.3,21.9,17.6,0.6,6.2,12.4,26.0
2021/02/13,14.7,20.8,17.75,0.0,6.0,4.9,35.0
2021/06/04,10.0,13.6,11.8,2.0,1.2,2.0,37.0
2021/02/28,10.6,26.7,18.65,0.0,2.4,9.2,26.0
2021/04/09,13.8,17.3,15.55,6.2,6.4,7.9,35.0
2022/02/20,12.7,23.8,18.25,0.0,7.2,5.6,39.0
2022/03/11,12.0,20.3,16.15,0.0,4.6,4.4,31.0
2021/12/24,11.9,26.4,19.15,0.0,6.4,13.1,26.0
2021/09/10,11.4,18.8,15.100000000000001,0.0,6.2,2.9,39.0
2021/11/10,11.7,15.2,13.45,10.0,5.0,2.3,26.0
2022/03/10,11.8,20.4,16.1,0.0,6.6,11.6,37.0
2022/01/07,20.1,25.8,22.950000000000003,1.4,7.8,5.2,28.0
2021/03/09,13.5,19.6,16.55,5.4,0.2,6.9,33.0
2021/08/13,8.1,17.6,12.850000000000001,0.0,1.2,10.1,33.0
2021/11/21,11.8,17.2,14.5,0.0,5.4,9.1,39.0
2021/06/25,10.6,13.2,11.899999999999999,0.6,2.4,0.3,37.0
2022/03/06,16.6,21.8,19.200000000000003,4.8,3.2,1.3,46.0
2022/03/08,15.4,20.7,18.05,2.0,5.8,3.3,39.0
2021/10/05,11.5,17.4,14.45,2.2,5.4,5.7,54.0
2021/04/27,11.8,16.6,14.200000000000001,0.6,2.0,0.9,19.0
2021/05/17,10.2,15.4,12.8,0.4,0.6,7.1,30.0
2021/06/21,3.9,15.4,9.65,0.2,0.4,9.1,26.0
2021/02/14,12.7,20.0,16.35,0.0,4.0,8.1,35.0
2021/09/08,9.7,20.8,15.25,0.0,1.4,11.0,41.0
2021/07/13,8.9,14.4,11.65,0.4,2.4,2.4,37.0
2021/11/07,12.9,16.5,14.7,15.4,5.2,0.0,28.0
2021/06/22,3.7,16.3,10.0,0.0,2.0,1.9,28.0
2022/01/20,12.9,30.4,21.65,0.0,10.0,13.6,31.0
2021/12/12,10.4,28.7,19.55,0.0,6.2,13.0,28.0
2021/07/26,8.1,16.4,12.25,0.0,1.0,2.9,43.0
2022/01/18,17.1,21.3,19.200000000000003,0.0,7.6,6.1,39.0
2021/05/12,7.3,18.5,12.9,0.8,2.6,8.8,24.0
2021/08/17,9.8,13.9,11.850000000000001,0.4,2.0,3.3,30.0
2021/05/15,7.3,12.9,10.1,7.4,2.4,7.5,54.0
2021/05/26,11.9,14.7,13.3,5.0,3.4,1.4,39.0
2021/09/06,9.1,15.5,12.3,1.0,1.8,10.4,33.0
2021/11/08,12.0,17.4,14.7,0.2,2.4,7.9,28.0
2022/01/15,18.8,24.2,21.5,6.0,9.0,5.0,30.0
2021/07/16,10.9,15.2,13.05,0.2,0.8,2.4,41.0
2021/08/12,8.1,16.6,12.350000000000001,2.8,4.4,4.7,31.0
2021/09/14,5.5,14.1,9.8,0.2,2.4,8.5,31.0
2021/06/09,7.8,14.7,11.25,4.0,1.6,0.5,67.0
2021/12/25,16.9,21.7,19.299999999999997,0.0,6.8,6.1,39.0
2021/05/21,6.2,17.7,11.95,0.0,1.6,8.9,15.0
2022/03/03,17.5,30.5,24.0,0.0,3.6,12.1,24.0
2022/02/10,17.3,22.7,20.0,0.0,5.2,6.8,39.0
2021/12/04,12.5,18.8,15.65,0.0,6.8,2.7,37.0
2021/07/22,5.1,11.8,8.45,0.6,2.6,0.1,46.0
2021/04/08,15.4,29.3,22.35,0.0,4.6,4.9,43.0
2021/12/27,13.9,23.3,18.6,0.2,5.8,9.7,43.0
2021/02/01,13.4,20.3,16.85,0.0,7.4,1.6,33.0
2021/04/30,9.5,24.4,16.95,0.0,0.0,10.2,30.0
2022/01/03,16.8,20.3,18.55,0.0,10.0,10.5,41.0
2021/02/18,18.1,31.8,24.950000000000003,0.0,11.4,12.4,46.0
2021/12/26,15.1,18.8,16.95,0.0,8.0,2.7,39.0
2021/04/16,11.5,15.1,13.3,1.0,4.2,1.3,24.0
2022/02/25,18.0,21.7,19.85,0.0,4.8,5.8,37.0
2021/08/24,6.4,13.1,9.75,10.4,4.0,6.2,39.0
2021/03/14,11.0,17.7,14.35,17.2,7.4,10.0,31.0
2021/04/28,7.4,16.9,12.149999999999999,0.4,3.0,9.5,22.0
2021/03/05,15.0,18.0,16.5,1.4,4.4,3.6,35.0
2021/06/19,9.1,16.2,12.649999999999999,2.2,1.6,4.0,28.0
2021/07/29,6.7,15.4,11.05,0.8,3.4,7.8,41.0
2021/03/21,16.7,21.7,19.2,1.2,3.0,0.0,17.0
2021/05/07,10.5,21.5,16.0,0.2,2.4,3.6,15.0
2021/04/04,15.2,24.5,19.85,0.0,8.6,10.1,35.0
2021/07/14,9.8,13.9,11.850000000000001,2.2,3.0,0.5,44.0
2021/05/22,3.6,19.2,11.4,0.0,3.0,9.3,35.0
2021/04/06,12.8,20.2,16.5,0.0,4.0,4.4,26.0
2021/05/25,10.6,20.9,15.75,0.0,5.6,3.2,57.0
2021/11/27,11.4,21.6,16.5,0.0,5.8,12.8,46.0
2021/12/19,15.2,23.1,19.15,0.0,8.6,4.2,65.0
2021/10/15,9.3,17.1,13.200000000000001,0.6,4.6,5.0,44.0
2021/12/29,11.9,22.4,17.15,0.0,8.0,13.7,30.0
2021/04/26,10.9,17.9,14.399999999999999,1.2,2.2,0.8,20.0
2021/07/27,10.1,17.1,13.600000000000001,0.0,3.4,4.3,67.0
2022/03/05,17.3,22.2,19.75,37.8,10.0,1.5,37.0
2021/05/27,9.8,15.0,12.4,0.4,1.6,0.6,33.0
2021/09/27,5.1,19.4,12.25,0.0,3.8,11.2,43.0
2022/02/28,18.9,23.9,21.4,0.0,4.8,3.7,26.0
2021/12/09,12.2,17.7,14.95,1.8,5.0,0.2,43.0
2021/08/08,5.8,16.4,11.1,0.6,1.2,5.5,17.0
2021/10/19,9.2,16.4,12.799999999999999,0.8,2.6,5.0,35.0
2021/10/06,8.2,21.6,14.9,0.2,4.4,8.6,39.0
2021/12/01,18.5,32.4,25.45,0.0,11.4,5.2,43.0
2021/10/18,9.9,16.9,13.399999999999999,0.0,2.0,0.9,35.0
2021/05/09,11.0,20.5,15.75,0.4,0.0,7.1,28.0
2021/08/28,5.3,17.8,11.55,0.0,1.6,9.6,39.0
2021/05/10,11.7,16.9,14.299999999999999,0.2,3.8,0.5,41.0
2022/02/23,15.1,32.0,23.55,0.0,6.4,9.4,31.0
2021/02/04,13.5,30.6,22.05,0.0,6.6,4.1,43.0
2022/02/14,17.8,31.6,24.700000000000003,0.0,12.6,12.2,46.0
2021/10/11,7.4,14.4,10.9,0.4,4.0,4.4,33.0
2021/10/28,15.4,28.3,21.85,0.2,9.2,5.4,50.0
2021/10/29,11.3,15.5,13.4,5.0,8.2,6.4,76.0
2022/02/21,13.7,20.3,17.0,1.6,5.8,11.3,35.0
2021/06/26,10.0,13.4,11.7,5.6,0.2,4.6,28.0
2021/10/13,9.9,18.8,14.350000000000001,0.0,3.6,3.1,43.0
2021/08/16,11.0,14.4,12.7,0.2,6.6,2.8,44.0
2021/07/31,9.9,18.1,14.0,0.0,7.0,6.3,54.0
2022/02/17,17.1,24.3,20.700000000000003,0.0,4.0,2.4,28.0
2022/03/07,15.9,23.1,19.5,0.0,2.8,8.1,37.0
2021/09/26,5.0,15.4,10.2,0.2,2.4,9.7,31.0
2021/09/29,12.6,19.3,15.95,0.0,5.2,0.8,33.0
2021/07/23,7.8,11.3,9.55,0.0,0.6,1.5,31.0
2021/12/03,13.0,20.4,16.7,8.8,7.0,11.7,33.0
2021/04/11,8.1,14.5,11.3,3.4,5.2,6.1,56.0
2021/12/17,9.9,30.8,20.35,0.0,6.8,10.2,30.0
2022/02/01,19.8,23.6,21.700000000000003,0.0,9.6,8.4,50.0
2022/01/29,17.5,21.8,19.65,38.6,5.4,0.3,30.0
2022/03/02,19.7,29.6,24.65,6.0,0.6,4.4,22.0
2021/12/18,16.6,33.5,25.05,0.0,12.8,11.0,46.0
2022/01/26,19.6,36.0,27.8,0.0,9.2,10.5,46.0
2021/04/14,11.5,20.8,16.15,0.0,7.8,6.8,43.0
2021/05/02,13.7,26.0,19.85,0.0,6.4,3.8,39.0
2021/07/19,9.1,13.0,11.05,0.0,1.8,2.9,31.0
2021/04/01,12.4,29.9,21.15,0.0,4.4,10.8,20.0
2021/02/21,17.9,20.6,19.25,0.0,6.0,0.0,30.0
2021/04/07,14.9,23.0,18.95,0.0,3.2,4.9,20.0
2021/12/28,11.4,22.6,17.0,0.0,8.0,11.9,41.0
2021/02/27,11.3,18.6,14.950000000000001,0.0,6.0,1.0,20.0
2022/02/03,13.3,18.2,15.75,1.2,4.2,2.2,39.0
2021/11/05,13.3,22.9,18.1,0.0,3.8,7.9,24.0
2022/01/04,16.2,23.1,19.65,0.0,7.6,0.5,43.0
2021/12/31,16.6,37.7,27.150000000000002,0.0,11.4,12.8,46.0
2022/02/16,16.4,25.8,21.1,0.0,5.6,2.4,19.0
2021/03/27,13.2,21.3,17.25,3.4,3.8,4.1,31.0
2021/12/11,12.6,22.4,17.5,0.0,4.6,8.6,35.0
2021/10/25,10.4,15.2,12.8,0.8,4.4,5.1,39.0
2022/03/09,14.6,22.0,18.3,0.0,4.0,11.1,43.0
2021/08/20,8.7,17.3,13.0,0.8,3.6,3.2,50.0
2021/11/03,16.5,25.1,20.8,0.0,12.6,0.1,52.0
2021/09/23,10.0,21.5,15.75,0.0,2.8,11.4,35.0
2021/04/23,12.1,17.3,14.7,0.4,3.0,2.0,31.0
2021/05/31,3.0,16.1,9.55,0.0,2.2,9.1,31.0
2021/02/03,13.7,25.9,19.799999999999997,0.0,5.4,13.1,33.0
2021/05/11,10.7,16.3,13.5,15.8,2.8,0.1,41.0
2021/12/20,12.2,28.6,20.4,1.8,6.8,12.9,39.0
2022/02/26,18.4,29.1,23.75,0.0,4.8,10.8,35.0
2021/04/21,7.1,14.9,11.0,10.4,0.2,7.7,19.0
2021/02/15,14.4,24.6,19.5,0.0,5.6,9.2,22.0
2022/01/24,20.2,33.7,26.950000000000003,0.0,10.8,10.6,31.0
2021/12/05,10.2,21.5,15.85,0.0,3.4,13.0,30.0
2021/07/12,5.9,16.1,11.0,0.0,3.0,5.1,50.0
2021/10/04,11.8,18.1,14.950000000000001,1.0,3.0,8.0,63.0
2021/05/04,9.4,15.5,12.45,30.8,4.6,0.1,39.0
2021/06/02,9.2,19.6,14.4,0.0,3.2,7.7,33.0
2021/02/11,17.2,32.8,25.0,0.0,8.0,5.5,46.0
2021/06/23,5.6,15.3,10.45,0.0,2.7,2.1,46.0
2021/02/16,15.9,31.3,23.6,0.0,6.2,8.3,33.0
2021/05/03,12.5,18.2,15.35,0.2,6.8,0.8,28.0
2022/02/09,19.1,30.9,25.0,0.0,9.2,4.4,39.0
2021/05/14,7.8,15.6,11.7,4.2,2.4,4.5,35.0
2021/03/26,11.2,22.0,16.6,0.2,2.8,6.5,33.0
2021/10/26,6.3,18.1,12.200000000000001,0.0,2.2,11.7,24.0
2021/07/18,8.5,14.2,11.35,4.2,1.0,3.0,28.0
2022/02/18,15.4,21.0,18.2,0.0,5.8,7.3,41.0
2021/06/30,5.5,16.9,11.2,0.0,1.2,6.8,39.0
2021/11/20,13.0,16.9,14.95,0.0,3.4,7.6,35.0
2021/08/23,10.8,14.3,12.55,0.8,7.0,5.4,50.0
2021/02/05,17.3,29.8,23.55,0.4,7.8,8.9,52.0
2021/06/16,8.3,16.0,12.15,1.8,2.2,2.9,41.0
2021/04/29,8.2,18.4,13.299999999999999,0.0,2.2,9.9,17.0
2021/02/17,16.6,28.8,22.700000000000003,0.0,7.4,11.9,26.0
2022/02/15,17.9,22.5,20.2,0.0,9.8,6.7,28.0
2021/08/10,9.1,17.7,13.399999999999999,0.0,2.4,8.1,52.0
2022/03/16,18.9,23.2,21.049999999999997,0.0,3.6,1.7,41.0
2022/03/17,17.7,29.2,23.45,0.0,4.6,5.0,33.0
2021/12/06,12.8,27.4,20.1,0.0,7.6,10.8,46.0
2021/08/18,7.6,15.5,11.55,0.6,1.8,1.8,24.0
2021/02/25,11.3,24.3,17.8,0.0,5.8,8.7,39.0
2021/11/04,13.5,17.5,15.5,45.4,3.0,8.3,39.0
2021/12/16,12.8,19.9,16.35,0.0,3.0,11.4,33.0
2021/10/03,12.6,22.0,17.3,0.0,1.4,5.9,35.0
2021/10/23,12.7,16.1,14.4,14.6,7.6,0.0,39.0
2021/05/23,6.1,20.2,13.149999999999999,0.0,3.4,8.8,24.0
2021/08/07,10.5,15.5,13.0,0.0,1.6,2.4,30.0
2021/08/03,8.7,14.5,11.6,4.8,2.6,4.1,35.0
2021/05/08,9.9,19.8,14.850000000000001,0.0,2.8,5.1,24.0
2021/08/30,6.4,17.6,12.0,4.0,1.4,7.4,50.0
2021/02/26,13.3,19.7,16.5,0.4,7.0,6.3,33.0
2021/09/24,11.0,18.8,14.9,0.0,7.6,9.1,50.0
2021/09/13,7.1,14.3,10.7,5.6,3.6,9.1,37.0
2022/01/28,21.7,32.8,27.25,1.6,13.2,4.6,43.0
2021/07/17,7.6,13.7,10.649999999999999,0.2,2.8,0.8,33.0
2021/10/24,10.1,15.3,12.7,2.0,1.8,7.2,41.0
2022/01/30,18.7,29.2,23.95,0.0,3.0,6.2,30.0
2021/07/15,10.0,17.1,13.55,3.0,1.6,7.0,43.0
2021/12/15,15.2,17.7,16.45,0.0,6.0,0.0,28.0
2022/02/02,14.9,19.9,17.4,3.2,8.6,1.1,41.0
2021/11/22,10.2,20.8,15.5,0.0,5.0,11.4,24.0
2021/05/24,6.8,19.9,13.35,0.0,2.6,4.8,31.0
2022/02/24,19.3,22.7,21.0,0.0,6.8,2.9,37.0
2021/06/20,5.2,14.5,9.85,0.0,0.0,6.9,20.0
2022/01/10,15.5,31.4,23.45,0.2,6.8,10.9,31.0
