,Date,Minimum temperature (°C),Maximum temperature (°C),Rainfall (mm),Evaporation (mm),Sunshine (hours),Direction of maximum wind gust ,Speed of maximum wind gust (km/h),Time of maximum wind gust,9am Temperature (°C),9am relative humidity (%),9am cloud amount (oktas),9am wind direction,9am wind speed (km/h),9am MSL pressure (hPa),3pm Temperature (°C),3pm relative humidity (%),3pm cloud amount (oktas),3pm wind direction,3pm wind speed (km/h),3pm MSL pressure (hPa),TOTAL DEMAND
34,2021/03/07,11.3,28.5,0.0,6.0,7.9,N,26.0,12:20,13.7,82.0,6.0,NE,7,1012.0,27.2,29,6.0,S,7,1008.2,4128.66
201,2021/08/21,10.6,20.0,1.0,3.6,10.2,NW,33.0,11:24,13.9,64.0,0.0,NNW,13,1015.3,18.9,44,4.0,NW,13,1013.8,4324.88
242,2021/10/01,13.6,22.2,21.8,2.8,5.8,SSE,30.0,16:25,17.0,72.0,7.0,NNE,13,1005.4,20.5,51,5.0,SSE,7,1002.7,4546.66
216,2021/09/05,8.3,13.6,9.6,4.4,6.4,SSW,39.0,04:42,10.0,88.0,7.0,WSW,9,1022.4,12.4,72,7.0,S,13,1022.2,4286.13
226,2021/09/15,5.3,15.9,0.2,3.0,10.8,SSE,31.0,10:40,10.7,69.0,1.0,ESE,6,1027.6,14.4,48,2.0,SSW,17,1024.5,4929.07
220,2021/09/09,12.2,25.8,0.0,5.2,8.5,N,52.0,08:13,14.6,58.0,7.0,N,28,1022.7,24.7,26,6.0,NNW,20,1016.2,4308.73
73,2021/04/15,14.0,20.2,0.0,7.4,5.4,SW,39.0,14:25,15.8,52.0,3.0,WNW,11,1016.2,15.7,71,7.0,WNW,6,1015.3,4752.79
57,2021/03/30,9.8,18.9,0.0,3.6,10.2,SSW,26.0,13:08,11.5,84.0,7.0,NE,2,1027.1,18.5,60,1.0,SSW,11,1025.7,4674.82
133,2021/06/14,9.7,16.4,0.0,1.4,1.6,ESE,15.0,16:16,11.0,89.0,7.0,NNE,7,1018.0,15.9,57,6.0,SSE,6,1015.5,4879.14
181,2021/08/01,8.0,15.7,18.0,6.8,9.0,NNW,30.0,12:08,11.1,72.0,1.0,NW,9,1010.6,14.6,42,3.0,W,9,1011.5,4639.38
339,2022/01/06,18.3,30.2,0.0,6.6,9.9,NNW,39.0,13:53,22.9,62.0,4.0,NNE,6,1010.2,23.1,73,7.0,WNW,11,1007.6,4847.4
364,2022/01/31,20.1,34.0,0.0,4.4,10.9,NW,22.0,01:52,22.7,78.0,4.0,SSE,6,1009.2,31.4,54,5.0,WNW,6,1003.8,6082.31
338,2022/01/05,18.5,29.3,0.0,1.8,5.0,NE,37.0,14:22,22.9,71.0,7.0,SE,7,1009.6,28.1,51,7.0,E,13,1007.6,4471.33
61,2021/04/03,15.1,31.6,0.0,4.4,10.9,N,37.0,11:45,21.9,55.0,0.0,NNW,17,1022.3,30.5,32,0.0,N,19,1018.3,4250.87
316,2021/12/14,15.9,21.0,0.0,10.4,11.2,SSW,31.0,15:54,18.5,65.0,7.0,S,7,1015.6,20.0,64,1.0,SSW,17,1013.7,4621.59
52,2021/03/25,15.5,21.1,4.6,2.8,3.1,WNW,31.0,04:55,15.7,87.0,7.0,W,9,1005.3,19.8,52,7.0,WNW,13,1006.4,4624.14
290,2021/11/18,10.9,26.9,0.0,5.0,5.2,N,67.0,15:02,19.7,41.0,7.0,N,24,1013.2,24.9,36,5.0,N,30,1006.4,4368.78
185,2021/08/05,9.8,15.8,0.4,1.6,3.9,WNW,31.0,14:49,11.8,80.0,7.0,WNW,11,1021.7,15.2,63,7.0,W,15,1020.1,5334.3
39,2021/03/12,14.9,30.3,0.0,4.0,10.1,N,26.0,12:35,17.9,94.0,1.0,N,7,1016.7,29.0,36,7.0,NNE,9,1012.6,5007.65
300,2021/11/28,9.8,22.1,0.0,7.0,12.1,SSW,30.0,17:05,15.5,59.0,2.0,N,4,1024.3,20.1,47,1.0,SSW,13,1020.1,3467.57
212,2021/09/01,9.8,23.5,0.0,6.6,10.7,N,35.0,15:01,15.3,56.0,4.0,NE,7,1023.8,23.2,36,7.0,N,19,1021.5,4402.31
157,2021/07/08,,,,1.8,8.3,,,,,,2.0,,,,12.0,55,6.0,NE,9,1019.4,6110.95
304,2021/12/02,18.4,33.0,11.8,12.2,8.8,S,41.0,19:11,25.6,43.0,5.0,N,13,1013.7,23.3,70,7.0,SW,9,1010.8,5013.18
129,2021/06/10,9.7,15.1,12.0,3.6,0.3,S,67.0,00:33,14.5,78.0,8.0,SSE,30,1009.5,14.3,71,7.0,ESE,11,1009.8,5278.12
202,2021/08/22,11.3,22.2,0.0,4.0,10.6,N,57.0,14:54,14.6,62.0,1.0,N,20,1014.5,21.6,37,1.0,NNW,37,1007.8,3951.02
371,2022/02/07,14.7,28.6,0.0,8.2,13.1,SSW,33.0,14:30,20.3,58.0,1.0,NE,7,1024.7,27.2,40,1.0,S,13,1020.2,4641.62
355,2022/01/22,17.7,32.3,0.0,12.0,13.3,SSE,35.0,17:57,24.3,45.0,1.0,N,13,1023.2,30.7,35,1.0,SW,13,1018.2,4941.29
287,2021/11/15,8.7,13.8,1.6,5.0,6.0,WNW,41.0,00:31,11.6,60.0,6.0,WSW,9,1009.3,12.4,57,6.0,S,13,1011.6,4783.86
199,2021/08/19,8.2,17.4,0.0,2.6,8.3,N,31.0,15:18,11.6,72.0,5.0,N,13,1023.3,16.7,50,2.0,N,17,1019.3,5041.02
169,2021/07/20,9.9,11.4,0.6,2.2,0.3,SW,54.0,17:18,10.8,80.0,7.0,N,13.0,1005.2,8.6,86,8.0,SSW,13,1007.4,6055.7
228,2021/09/17,7.1,22.2,0.0,3.6,5.8,N,59.0,11:41,15.9,50.0,1.0,N,13,1015.1,20.2,39,3.0,NNE,24,1008.2,4546.72
195,2021/08/15,10.1,19.0,0.0,3.0,9.1,NNW,54.0,13:07,12.1,63.0,3.0,N,17,1024.1,18.3,31,2.0,W,22,1019.2,4189.94
125,2021/06/06,6.7,14.7,0.0,2.6,4.2,N,39.0,12:17,11.0,81.0,7.0,N,17,1022.2,13.6,73,5.0,N,17,1019.9,4752.52
250,2021/10/09,11.5,24.8,0.0,7.2,8.1,N,43.0,14:28,16.2,52.0,7.0,N,19,1012.2,23.6,33,6.0,NNW,19,1008.8,3850.6
55,2021/03/28,12.4,20.2,0.0,4.4,3.9,SSW,24.0,11:10,14.2,76.0,6.0,NNW,7,1018.8,18.3,55,7.0,SSW,9,1018.6,4098.78
186,2021/08/06,10.7,14.2,0.2,2.2,0.6,NNW,28.0,20:22,12.1,74.0,7.0,WNW,9,1024.5,13.9,60,8.0,NW,13,1023.1,5417.87
271,2021/10/30,7.3,15.9,1.0,4.2,7.8,SSW,35.0,14:11,11.9,60.0,1.0,WSW,9,1021.3,15.5,49,6.0,SW,13,1021.0,4094.61
236,2021/09/25,7.1,12.8,0.0,4.6,5.9,S,37.0,15:01,9.6,65.0,3.0,WSW,11,1020.7,11.0,55,6.0,SSW,17,1022.7,4354.64
377,2022/02/13,17.1,32.1,0.0,8.6,9.1,NNW,54.0,09:18,23.5,50.0,4.0,NNW,20,1016.9,30.3,34,7.0,NNW,20,1014.6,4563.72
150,2021/07/01,10.5,17.2,0.0,1.4,8.9,NNW,35.0,12:17,12.3,86.0,1.0,N,11.0,1022.3,16.6,58,1.0,N,20,1019.1,5344.65
127,2021/06/08,9.3,13.2,3.0,4.8,2.3,N,48.0,00:39,9.3,89.0,7.0,NNE,9,1005.0,11.1,72,7.0,W,11,1004.8,5676.38
120,2021/06/01,5.7,15.7,0.0,4.0,1.3,N,39.0,11:32,9.2,60.0,8.0,NNE,13,1020.8,15.3,48,7.0,N,17,1019.4,5577.54
35,2021/03/08,13.7,19.6,0.2,6.0,0.0,SSW,31.0,16:30,17.4,88.0,8.0,WSW,6,1010.4,17.5,79,8.0,SSW,4,1010.3,4473.62
358,2022/01/25,20.1,31.4,0.0,10.0,12.8,S,30.0,13:05,25.2,58.0,3.0,N,2,1009.0,27.4,60,1.0,SSW,15,1007.2,6180.59
376,2022/02/12,15.7,28.3,0.0,6.4,12.4,SSE,33.0,17:39,18.7,68.0,1.0,ESE,6,1020.3,26.6,47,2.0,SSW,7,1017.1,4135.15
22,2021/02/23,13.1,19.2,0.0,7.2,8.5,SSE,43.0,05:09,16.4,49.0,6.0,SSE,15,1018.7,18.2,45,4.0,SSW,17,1019.4,4369.82
352,2022/01/19,15.4,26.7,0.0,7.2,13.6,SE,52.0,16:10,21.1,59.0,1.0,SE,11,1021.1,25.4,43,1.0,SE,24,1021.3,4298.87
47,2021/03/20,14.0,26.0,0.0,5.4,5.3,E,31.0,13:37,16.7,90.0,1.0, ,Calm,1027.4,24.0,49,7.0,ESE,13,1024.3,4161.39
278,2021/11/06,16.6,27.0,0.0,5.4,4.3,N,43.0,07:44,21.3,69.0,6.0,N,22,1009.4,25.6,55,7.0,NNW,24,1004.5,4005.6
251,2021/10/10,10.0,14.9,2.2,5.4,7.6,SSW,39.0,13:27,11.6,76.0,7.0,SW,11,1014.5,14.7,51,6.0,SSW,17,1012.9,3895.97
410,2022/03/18,19.1,21.7,0.0,5.0,2.0,S,31.0,13:14,19.8,76.0,7.0,SSW,7,1020.7,20.8,67,7.0,SSW,13,1020.7,4791.69
37,2021/03/10,12.2,20.1,0.2,6.8,7.2,SSW,30.0,14:35,15.5,81.0,7.0, ,Calm,1021.7,19.7,58,1.0,SW,11,1019.5,4634.52
101,2021/05/13,8.1,17.6,0.0,1.2,1.0,NNW,39.0,11:57,14.0,65.0,7.0,N,15,1012.5,13.1,90,8.0,NW,9,1011.1,5263.5
60,2021/04/02,13.5,30.6,0.0,6.6,10.8,N,15.0,06:00,15.1,75.0,2.0,NNE,9,1026.2,29.3,28,0.0,SSW,9,1023.1,4221.92
154,2021/07/05,4.6,13.1,0.4,1.6,1.9,SSW,22.0,12:47,6.8,82.0,7.0,NE,9.0,1022.7,12.7,66,7.0,SW,7,1021.5,6231.44
71,2021/04/13,7.8,20.0,0.6,0.0,2.5,N,59.0,15:18,11.5,81.0,7.0,NNE,9,1018.8,18.5,46,7.0,N,28,1011.6,4939.37
273,2021/11/01,8.7,23.2,0.0,4.6,12.5,SSW,26.0,15:16,14.7,67.0,4.0,ENE,6,1024.6,20.2,52,4.0,SW,13,1022.3,4025.25
284,2021/11/12,11.0,14.0,1.0,4.4,0.0,SSE,50.0,14:35,12.0,83.0,8.0,SSE,15,997.4,13.0,91,8.0,SSE,19,997.2,5047.54
33,2021/03/06,14.2,19.4,0.0,5.6,10.0,S,33.0,17:07,15.2,57.0,7.0,SE,9,1014.8,18.3,58,2.0,S,17,1014.1,3920.84
301,2021/11/29,10.1,28.7,0.0,6.4,12.5,NNW,26.0,10:10,16.7,63.0,0.0,NE,7,1018.6,25.7,45,3.0,SW,11,1014.8,4390.37
108,2021/05/20,12.0,17.0,0.0,4.0,0.2,N,37.0,01:01,12.7,62.0,7.0,N,17,1025.8,16.7,55,7.0,SW,4,1026.3,5468.85
218,2021/09/07,10.5,16.2,0.0,3.2,4.9,S,31.0,15:41,13.0,73.0,7.0,WSW,13,1030.6,13.3,80,6.0,S,15,1030.4,4911.86
222,2021/09/11,13.2,22.8,0.0,6.4,1.1,N,46.0,06:44,16.7,41.0,7.0,N,20,1006.0,22.6,33,7.0,WNW,15,1002.9,4111.31
249,2021/10/08,7.0,20.8,0.0,4.0,11.7,N,44.0,13:18,11.5,69.0,7.0,N,9,1017.2,19.5,38,7.0,NNW,22,1013.3,4314.07
137,2021/06/18,6.1,13.2,1.6,1.8,0.1,SSW,26.0,13:15,9.4,100.0,7.0,S,2,1012.6,12.5,98,7.0,SSW,9,1014.4,5781.38
223,2021/09/12,10.3,16.2,0.0,5.2,7.3,WSW,39.0,02:11,12.4,51.0,1.0,NW,17,1005.9,11.7,62,7.0,S,11,1005.6,4218.13
78,2021/04/20,14.0,18.7,0.0,5.6,1.9,SSW,44.0,19:42,16.3,53.0,5.0,N,9,1011.0,11.4,88,7.0,W,6,1011.0,5096.85
184,2021/08/04,7.8,14.5,0.6,1.8,3.4,WSW,31.0,12:09,10.2,78.0,7.0,W,11,1016.0,14.3,67,7.0,W,9,1015.5,5491.74
43,2021/03/16,11.1,20.6,0.0,2.2,8.0,SSW,26.0,13:50,16.2,68.0,7.0,SSE,9,1026.7,19.6,62,1.0,SSW,13,1024.7,4675.09
31,2021/03/04,13.6,21.4,0.0,4.0,2.6,WSW,35.0,22:37,15.3,60.0,7.0,WSW,11,1017.2,19.0,60,7.0,SSW,7,1015.3,4693.95
295,2021/11/23,14.7,26.1,0.0,6.8,2.4,N,43.0,08:31,20.7,49.0,7.0,N,24,1016.7,24.6,47,7.0,N,17,1014.4,4491.87
248,2021/10/07,9.4,16.4,4.0,6.2,10.3,W,43.0,02:59,11.1,67.0,1.0,W,11,1012.6,15.3,44,7.0,SW,13,1014.0,4416.08
134,2021/06/15,7.0,15.6,0.0,0.8,0.0,N,24.0,17:27,8.5,89.0,7.0,NNE,7,1017.5,15.0,60,7.0,NNE,9,1014.5,5476.77
404,2022/03/12,11.7,22.6,0.0,3.4,10.7,S,28.0,14:49,14.2,77.0,7.0, ,Calm,1022.7,20.8,57,1.0,S,13,1021.0,3963.24
263,2021/10/22,13.7,27.3,0.0,4.6,6.1,N,41.0,10:43,18.1,69.0,1.0,NE,2,1015.3,26.5,40,7.0,NNW,15,1011.1,4448.53
291,2021/11/19,13.1,17.3,0.2,9.2,2.1,S,31.0,00:46,15.5,60.0,7.0,SSW,13,1014.3,16.0,59,7.0,S,13,1013.0,4439.38
58,2021/03/31,11.4,22.8,0.0,3.2,8.9,S,19.0,15:44,15.3,77.0,7.0, ,Calm,1026.6,21.0,58,1.0,S,7,1023.7,4737.36
205,2021/08/25,8.0,14.1,2.2,1.2,5.4,S,37.0,16:26,12.1,73.0,3.0,SSE,15,1023.3,13.4,59,6.0,SSW,17,1021.8,5262.64
231,2021/09/20,10.7,13.8,0.4,5.6,6.6,W,50.0,13:35,12.4,51.0,4.0,WNW,17,1011.9,10.3,62,7.0,WNW,17,1011.7,4875.8
5,2021/02/06,16.9,25.4,1.6,9.0,9.5,NW,39.0,11:44,18.6,59.0,7.0,N,17,998.5,23.7,45,7.0,NW,11,999.5,3993.73
325,2021/12/23,13.8,19.9,0.0,5.8,8.7,SSW,31.0,12:53,15.8,58.0,7.0,SE,11,1015.0,18.6,56,4.0,SSW,13,1014.7,3994.12
323,2021/12/21,15.3,24.9,0.0,7.8,13.1,S,31.0,18:57,17.3,64.0,6.0,WSW,9,1015.0,24.0,49,1.0,SSW,9,1012.1,4243.73
232,2021/09/21,6.3,13.2,8.0,3.0,3.5,SSW,43.0,12:05,7.9,84.0,4.0,W,11,1025.2,12.3,54,7.0,S,11,1026.4,5248.19
107,2021/05/19,9.8,18.5,0.0,3.6,6.7,N,39.0,14:45,12.5,70.0,2.0,N,15,1027.6,17.9,45,7.0,NNW,13,1024.3,5078.29
255,2021/10/14,8.2,19.4,14.8,6.2,10.0,N,39.0,09:16,11.7,75.0,1.0,N,9,1006.0,18.1,37,6.0,NNW,9,1003.5,4584.84
302,2021/11/30,14.4,31.6,0.0,8.0,13.6,N,31.0,09:41,22.0,50.0,0.0,NNE,11,1015.0,30.6,23,4.0,NNE,13,1011.2,4909.72
233,2021/09/22,7.9,17.8,0.2,0.8,6.2,W,26.0,00:07,12.5,79.0,7.0,SW,7,1026.7,16.4,63,3.0,SSW,13,1023.6,4893.82
77,2021/04/19,12.0,20.6,0.0,2.8,2.3,NW,30.0,13:27,15.3,64.0,6.0,N,9,1018.4,18.9,47,6.0,NNW,15,1014.1,4769.14
213,2021/09/02,15.0,26.6,0.0,7.6,10.8,N,65.0,12:18,21.8,34.0,0.0,NNE,17,1020.1,26.4,23,0.0,N,28,1013.6,4096.7
386,2022/02/22,13.0,22.5,0.0,6.4,12.5,SSW,30.0,15:18,16.1,58.0,1.0,S,11,1017.9,21.4,55,1.0,SSW,17,1016.3,4370.37
146,2021/06/27,9.7,15.3,0.0,2.4,4.9,NNW,26.0,01:43,10.9,81.0,5.0,N,11,1025.9,13.6,75,5.0,SSW,9,1027.0,4855.16
206,2021/08/26,5.5,12.9,1.2,2.4,1.0,SE,31.0,12:54,9.2,82.0,7.0, ,Calm,1022.7,12.2,55,7.0,SSE,13,1020.3,5622.2
116,2021/05/28,11.0,13.8,0.4,0.4,0.5,S,39.0,07:07,12.2,60.0,7.0,S,15,1031.8,12.7,59,7.0,S,11,1032.4,5378.69
8,2021/02/09,12.0,25.2,0.0,4.0,12.7,SSW,28.0,14:00,16.9,71.0,4.0,SSE,11,1018.4,23.3,50,1.0,SSW,13,1014.5,4451.44
147,2021/06/28,6.4,15.1,0.0,1.4,9.0,NNW,24.0,12:27,7.8,97.0,1.0,NNE,7,1032.8,14.6,53,1.0,NNE,9,1031.0,5615.12
143,2021/06/24,9.8,16.7,0.0,1.0,5.2,N,41.0,12:07,12.6,85.0,1.0,N,6,1007.2,15.3,54,7.0,N,17,1004.9,5344.19
239,2021/09/28,7.7,23.0,0.0,6.0,9.1,SE,24.0,17:56,14.0,52.0,7.0,NNE,11,1018.2,22.2,31,7.0,NNE,9,1014.0,4424.11
68,2021/04/10,12.9,18.3,0.2,2.8,3.9,WSW,54.0,14:43,14.1,71.0,6.0,WNW,11,1007.9,15.4,53,7.0,SW,17,1008.0,4233.11
56,2021/03/29,13.8,18.2,1.0,2.8,8.0,SSW,35.0,14:21,15.4,73.0,7.0,SSW,11,1024.0,17.4,55,7.0,S,15,1024.7,4631.35
332,2021/12/30,14.0,34.4,0.0,6.8,12.4,SSW,28.0,17:55,16.7,76.0,1.0,NNE,7,1015.6,29.4,41,1.0,WSW,7,1010.8,4503.62
63,2021/04/05,16.0,19.0,0.0,5.8,8.1,SSW,30.0,15:38,16.9,58.0,7.0,SSE,9,1022.7,18.1,58,3.0,SSW,17,1021.5,3985.12
354,2022/01/21,17.1,29.6,0.0,8.8,13.5,NNW,33.0,06:39,22.6,43.0,0.0,N,11,1028.1,28.3,42,1.0,SSW,11,1023.9,5072.16
131,2021/06/12,7.4,16.5,9.4,0.4,1.0,WNW,33.0,12:32,12.7,85.0,7.0,WNW,7,1014.4,15.5,61,7.0,W,11,1014.0,4831.98
370,2022/02/06,14.1,27.9,0.0,8.2,12.9,SW,33.0,15:48,18.6,64.0,1.0,NNE,2,1025.2,25.9,42,4.0,SSW,15,1023.2,3849.31
312,2021/12/10,13.5,17.9,0.0,2.2,6.2,S,43.0,16:43,16.1,70.0,7.0,SSE,11,1017.8,16.2,67,7.0,SSW,20,1016.9,4264.4
104,2021/05/16,8.3,15.5,0.2,3.0,3.2,NW,35.0,14:15,10.3,67.0,6.0,N,11,1021.8,14.5,59,7.0,NW,11,1019.1,4762.69
179,2021/07/30,8.0,14.9,0.0,2.6,6.4,N,61.0,22:32,9.9,59.0,1.0,NNE,19.0,1015.1,13.6,49,7.0,N,26,1011.0,5375.98
93,2021/05/05,7.2,17.3,0.0,0.8,9.1,SSW,30.0,12:37,12.2,83.0,1.0, ,Calm,1026.0,17.0,52,5.0,SSW,9,1023.4,5050.18
21,2021/02/22,15.9,21.8,0.0,2.8,6.3,SSW,43.0,15:24,17.8,71.0,7.0,WSW,9,1012.3,20.4,52,7.0,S,17,1012.5,4398.86
407,2022/03/15,18.3,27.5,2.0,6.2,3.6,NNW,31.0,10:16,20.3,78.0,2.0,NNE,7,1019.8,24.8,57,7.0,SSW,13,1018.2,5005.89
405,2022/03/13,14.0,29.8,0.0,5.8,11.6,NNW,43.0,11:48,16.5,79.0,1.0,NNE,7,1020.9,28.7,40,3.0,NNW,17,1018.3,4181.52
257,2021/10/16,11.1,16.0,26.4,1.6,3.4,SSW,54.0,04:56,12.4,82.0,7.0,WSW,11,1009.0,14.5,69,7.0,S,19,1010.4,4283.73
148,2021/06/29,4.2,16.7,0.0,2.2,8.8,NNW,43.0,14:12,6.8,88.0,1.0,NE,2,1032.5,16.2,55,2.0,N,19,1029.4,5595.29
207,2021/08/27,4.6,13.6,0.0,1.2,3.8,SSW,15.0,12:18,7.7,88.0,7.0, ,Calm,1020.0,12.8,65,7.0,SSE,7,1017.4,5593.55
281,2021/11/09,8.0,20.3,0.0,4.2,9.2,SSW,22.0,12:23,14.2,63.0,1.0,NNE,6,1013.4,19.2,41,7.0,SSW,11,1011.7,4376.05
227,2021/09/16,4.5,16.0,0.0,3.4,9.1,SSW,19.0,13:07,9.6,72.0,2.0, ,Calm,1024.6,14.0,65,5.0,S,9,1020.6,4896.3
50,2021/03/23,17.6,22.0,13.8,0.6,0.6,SSW,30.0,14:29,17.8,100.0,7.0,SSE,4,1007.6,21.0,78,7.0,SSW,11,1002.5,4939.99
349,2022/01/16,18.3,31.9,0.0,5.8,11.6,S,24.0,14:10,20.1,60.0,1.0,SE,4,1009.4,25.3,55,1.0,SSW,13,1006.6,4636.54
315,2021/12/13,15.3,32.7,0.0,8.0,8.3,SSW,50.0,18:08,24.7,38.0,1.0,N,22,1011.9,31.4,26,6.0,NNW,11,1009.6,4858.99
393,2022/03/01,19.8,25.8,0.0,3.8,1.1,N,20.0,21:58,21.1,87.0,7.0,SSE,4,1012.1,23.8,76,7.0,W,2,1011.1,5194.93
310,2021/12/08,10.7,17.3,2.0,3.0,8.7,S,43.0,15:07,15.5,53.0,7.0,SSE,17,1018.1,16.6,48,2.0,SSW,20,1017.7,4265.96
297,2021/11/25,15.4,16.7,0.0,4.2,0.0,SSW,31.0,14:00,16.1,87.0,8.0,S,7,1013.5,14.7,89,8.0,S,13,1012.9,4700.03
19,2021/02/20,20.3,23.8,0.0,13.6,5.9,SSW,33.0,16:51,22.2,77.0,7.0, ,Calm,1013.2,22.0,76,4.0,SSW,11,1011.4,5065.78
209,2021/08/29,9.1,16.2,0.6,6.4,4.3,NNE,33.0,01:50,10.6,79.0,7.0,N,13,1011.4,12.8,84,7.0,S,6,1010.4,4676.03
258,2021/10/17,10.8,17.4,0.4,4.8,5.6,S,24.0,13:31,12.0,68.0,7.0,WNW,9,1015.3,16.8,49,7.0,SSW,9,1013.0,4145.62
51,2021/03/24,17.0,20.3,0.6,2.2,1.7,S,33.0,13:40,17.5,100.0,7.0,W,4,999.9,19.3,85,7.0,S,17,999.7,4788.79
132,2021/06/13,10.9,15.9,0.0,1.4,0.7,NNW,17.0,10:49,11.7,86.0,7.0, ,Calm,1018.8,14.3,69,7.0,S,6,1016.8,4795.56
173,2021/07/24,7.5,14.4,0.0,1.4,3.4,NNW,48.0,14:46,9.5,78.0,7.0,N,19.0,998.2,13.9,53,5.0,NNW,19,995.3,5222.8
153,2021/07/04,6.5,13.1,0.2,1.2,3.5,NNW,46.0,14:32,7.7,79.0,3.0,N,20.0,1016.4,12.2,67,7.0,NW,17,1015.3,5429.4
344,2022/01/11,18.5,29.7,0.0,8.0,10.8,SSW,35.0,14:06,21.4,69.0,7.0,S,6,1020.7,24.8,64,6.0,S,13,1019.6,4890.41
342,2022/01/09,16.1,21.9,0.0,2.4,9.7,SSW,30.0,16:34,16.8,69.0,7.0,SE,6,1016.2,20.3,61,1.0,SSW,13,1015.6,3902.16
83,2021/04/25,9.9,17.8,2.6,1.2,3.6,SSW,24.0,19:10,12.8,83.0,6.0,N,2,1027.0,16.0,70,7.0,SSW,4,1025.2,4489.08
241,2021/09/30,13.1,18.1,3.4,2.0,0.4,NNW,24.0,19:50,15.9,93.0,7.0, ,Calm,1008.5,15.2,100,8.0, ,Calm,1004.5,4819.27
383,2022/02/19,13.3,21.9,0.6,6.2,12.4,SSW,26.0,11:58,17.8,52.0,1.0,SE,9,1021.1,20.8,48,1.0,SSW,11,1017.7,3884.0
12,2021/02/13,14.7,20.8,0.0,6.0,4.9,S,35.0,14:54,17.2,68.0,6.0,W,6,1012.8,20.3,58,7.0,S,15,1014.8,4052.84
123,2021/06/04,10.0,13.6,2.0,1.2,2.0,S,37.0,15:23,10.9,81.0,3.0,SW,7,1017.0,11.9,66,7.0,W,7,1018.5,5326.47
27,2021/02/28,10.6,26.7,0.0,2.4,9.2,SW,26.0,22:57,14.0,77.0,0.0,NNE,7,1013.4,26.1,38,5.0,SW,9,1010.0,4064.63
67,2021/04/09,13.8,17.3,6.2,6.4,7.9,S,35.0,03:11,15.2,59.0,5.0,W,13,1010.0,15.7,62,6.0,S,17,1009.6,4539.44
384,2022/02/20,12.7,23.8,0.0,7.2,5.6,SSW,39.0,22:47,16.1,70.0,6.0, ,Calm,1008.7,21.8,66,7.0,SSW,13,1004.7,3879.26
403,2022/03/11,12.0,20.3,0.0,4.6,4.4,SSW,31.0,16:37,16.0,72.0,7.0,NE,6,1021.2,19.9,52,6.0,SSW,11,1020.0,4513.12
326,2021/12/24,11.9,26.4,0.0,6.4,13.1,SSW,26.0,21:26,17.7,62.0,1.0,SSE,4,1015.2,23.0,55,1.0,S,13,1012.3,4066.46
221,2021/09/10,11.4,18.8,0.0,6.2,2.9,N,39.0,22:01,13.3,62.0,7.0,WNW,6,1023.3,17.2,48,7.0,N,13,1019.2,4747.2
282,2021/11/10,11.7,15.2,10.0,5.0,2.3,SSW,26.0,06:04,11.9,98.0,8.0,S,7,1011.4,13.6,67,7.0,SW,7,1010.0,4725.14
402,2022/03/10,11.8,20.4,0.0,6.6,11.6,S,37.0,14:20,16.2,69.0,1.0,SSE,9,1021.9,19.9,56,3.0,SSW,15,1020.6,4331.74
340,2022/01/07,20.1,25.8,1.4,7.8,5.2,WSW,28.0,12:30,23.6,59.0,6.0,NNE,11,1008.1,23.5,83,5.0,W,4,1007.1,4814.57
36,2021/03/09,13.5,19.6,5.4,0.2,6.9,SSE,33.0,14:44,14.2,93.0,7.0,WSW,6,1017.0,18.5,63,4.0,S,15,1018.0,4652.93
193,2021/08/13,8.1,17.6,0.0,1.2,10.1,NW,33.0,13:04,11.8,73.0,1.0,N,15,1026.9,17.1,44,3.0,W,9,1025.1,5088.27
293,2021/11/21,11.8,17.2,0.0,5.4,9.1,SSW,39.0,15:00,14.2,60.0,7.0,S,11,1020.4,16.9,59,2.0,S,19,1020.2,3615.27
144,2021/06/25,10.6,13.2,0.6,2.4,0.3,N,37.0,00:05,11.0,88.0,7.0,N,13,1010.3,12.6,94,7.0, ,Calm,1011.1,5722.63
398,2022/03/06,16.6,21.8,4.8,3.2,1.3,ESE,46.0,14:14,17.4,80.0,8.0,S,15,1016.0,20.4,67,7.0,SE,20,1016.4,3989.58
400,2022/03/08,15.4,20.7,2.0,5.8,3.3,SSE,39.0,11:18,17.4,70.0,7.0,SSE,17,1018.4,18.9,69,7.0,S,17,1017.8,4350.79
246,2021/10/05,11.5,17.4,2.2,5.4,5.7,NNW,54.0,00:31,12.0,61.0,7.0,W,15,1008.1,15.8,50,4.0,SW,15,1011.0,4683.1
85,2021/04/27,11.8,16.6,0.6,2.0,0.9,W,19.0,08:57,13.4,87.0,7.0,WSW,9,1029.5,16.3,73,7.0,SSW,11,1026.7,5217.38
105,2021/05/17,10.2,15.4,0.4,0.6,7.1,SW,30.0,01:39,11.8,85.0,2.0,WSW,9,1024.7,14.2,53,6.0,SSW,11,1025.4,5306.82
140,2021/06/21,3.9,15.4,0.2,0.4,9.1,N,26.0,12:22,6.3,94.0,1.0,NE,7,1028.7,14.6,51,1.0,N,15,1025.8,5745.37
13,2021/02/14,12.7,20.0,0.0,4.0,8.1,SSW,35.0,13:52,17.8,56.0,7.0,SE,9,1019.5,19.3,58,6.0,SSW,19,1019.3,3877.53
219,2021/09/08,9.7,20.8,0.0,1.4,11.0,NNW,41.0,17:10,12.4,63.0,0.0,N,11,1031.0,19.9,48,1.0,N,20,1025.8,4515.55
162,2021/07/13,8.9,14.4,0.4,2.4,2.4,N,37.0,11:20,10.7,84.0,7.0,N,11.0,1014.2,13.8,69,7.0,N,19,1011.7,5709.07
279,2021/11/07,12.9,16.5,15.4,5.2,0.0,SSW,28.0,02:22,13.7,83.0,7.0,SSE,9,1010.7,15.4,65,7.0,SSW,13,1009.9,3955.91
141,2021/06/22,3.7,16.3,0.0,2.0,1.9,NNE,28.0,13:37,5.6,91.0,7.0,NNE,6,1029.6,14.4,56,7.0,NNE,13,1026.2,5794.85
353,2022/01/20,12.9,30.4,0.0,10.0,13.6,ESE,31.0,23:26,18.8,57.0,0.0,NNE,4,1027.7,27.1,39,1.0,SSW,9,1024.9,4662.52
314,2021/12/12,10.4,28.7,0.0,6.2,13.0,ESE,28.0,18:27,16.3,63.0,1.0,NE,6,1017.9,26.4,33,1.0,ENE,9,1013.5,3801.32
175,2021/07/26,8.1,16.4,0.0,1.0,2.9,NNW,43.0,10:41,12.4,75.0,7.0,N,13.0,1010.9,15.8,62,7.0,NNW,20,1009.7,5479.98
351,2022/01/18,17.1,21.3,0.0,7.6,6.1,SSW,39.0,14:20,18.3,58.0,7.0,SSE,9,1016.5,20.3,53,6.0,S,17,1016.7,4346.9
100,2021/05/12,7.3,18.5,0.8,2.6,8.8,SSE,24.0,03:04,11.0,84.0,3.0,NNE,7,1024.8,17.9,52,1.0, ,Calm,1019.6,4996.51
197,2021/08/17,9.8,13.9,0.4,2.0,3.3,SSW,30.0,11:13,11.0,87.0,7.0,W,9,1025.5,12.7,79,7.0,S,15,1024.8,5408.44
103,2021/05/15,7.3,12.9,7.4,2.4,7.5,SSW,54.0,04:25,8.6,72.0,4.0,W,13,1018.1,11.9,59,6.0,SSW,11,1020.5,4801.0
114,2021/05/26,11.9,14.7,5.0,3.4,1.4,WNW,39.0,05:45,13.1,60.0,7.0,WNW,11,1016.9,13.9,53,7.0,W,11,1019.7,5234.35
217,2021/09/06,9.1,15.5,1.0,1.8,10.4,SSW,33.0,03:58,11.9,67.0,2.0,SW,9,1030.9,14.8,51,1.0,S,9,1030.1,4612.08
280,2021/11/08,12.0,17.4,0.2,2.4,7.9,SSE,28.0,10:53,13.2,69.0,7.0,SSE,9,1012.5,16.5,41,5.0,SSW,13,1012.7,4369.58
348,2022/01/15,18.8,24.2,6.0,9.0,5.0,SSW,30.0,17:08,19.7,70.0,8.0,WSW,9,1004.4,23.3,66,7.0,SSW,11,1005.6,4454.48
165,2021/07/16,10.9,15.2,0.2,0.8,2.4,NNW,41.0,12:08,11.1,75.0,7.0,N,17.0,989.7,13.8,60,5.0,WNW,6,989.0,5516.16
192,2021/08/12,8.1,16.6,2.8,4.4,4.7,NNW,31.0,10:24,10.6,71.0,7.0,N,11,1025.2,15.4,50,7.0,W,13,1024.3,5245.86
225,2021/09/14,5.5,14.1,0.2,2.4,8.5,SSW,31.0,14:41,11.1,74.0,3.0,N,2,1027.8,13.4,57,5.0,SSW,17,1025.8,5016.96
128,2021/06/09,7.8,14.7,4.0,1.6,0.5,S,67.0,23:47,9.7,83.0,7.0,SSW,4,1010.7,12.3,86,8.0,S,20,1008.8,5776.99
327,2021/12/25,16.9,21.7,0.0,6.8,6.1,SSW,39.0,16:42,17.8,70.0,7.0,S,9,1016.8,20.5,60,2.0,S,15,1015.7,3446.63
109,2021/05/21,6.2,17.7,0.0,1.6,8.9,NNE,15.0,08:39,7.2,100.0,1.0,NNE,11,1031.9,16.4,44,1.0,SSW,7,1028.6,5379.45
395,2022/03/03,17.5,30.5,0.0,3.6,12.1,SW,24.0,16:26,21.3,79.0,0.0, ,Calm,1014.0,28.3,46,1.0,SSW,9,1012.3,5488.52
374,2022/02/10,17.3,22.7,0.0,5.2,6.8,S,39.0,18:52,19.5,69.0,7.0,SW,9,1014.5,21.9,54,4.0,S,15,1015.8,4614.94
306,2021/12/04,12.5,18.8,0.0,6.8,2.7,SSE,37.0,14:03,15.1,59.0,6.0,WSW,9,1019.6,17.3,64,7.0,S,19,1019.4,3842.75
171,2021/07/22,5.1,11.8,0.6,2.6,0.1,NNW,46.0,14:11,7.8,88.0,7.0,N,17.0,1015.8,10.5,66,7.0,N,22,1010.7,6063.89
66,2021/04/08,15.4,29.3,0.0,4.6,4.9,NNW,43.0,14:36,20.5,73.0,1.0,N,9,1011.0,28.9,25,7.0,NNW,17,1005.0,4791.56
329,2021/12/27,13.9,23.3,0.2,5.8,9.7,ESE,43.0,19:01,15.6,64.0,7.0,SSE,15,1022.7,22.0,39,5.0,SE,19,1019.5,3266.12
0,2021/02/01,13.4,20.3,0.0,7.4,1.6,S,33.0,21:08,16.9,76.0,7.0,N,7,1012.8,19.4,69,7.0,S,13,1011.9,4677.07
88,2021/04/30,9.5,24.4,0.0,0.0,10.2,N,30.0,12:05,12.5,83.0,1.0,NNE,13,1027.0,23.9,32,0.0,N,15,1024.0,4898.57
336,2022/01/03,16.8,20.3,0.0,10.0,10.5,S,41.0,12:30,18.8,57.0,6.0,SSE,11,1013.6,19.7,53,1.0,SSW,19,1013.2,3652.58
17,2021/02/18,18.1,31.8,0.0,11.4,12.4,N,46.0,08:26,22.9,44.0,0.0,N,26,1022.6,30.0,32,1.0,NNE,9,1019.2,5538.17
328,2021/12/26,15.1,18.8,0.0,8.0,2.7,S,39.0,18:35,15.6,66.0,8.0,SSE,13,1020.3,18.1,54,7.0,S,17,1020.1,3277.12
74,2021/04/16,11.5,15.1,1.0,4.2,1.3,SSW,24.0,10:53,12.3,75.0,7.0,NNE,6,1024.2,14.5,56,7.0,S,7,1023.9,5055.71
389,2022/02/25,18.0,21.7,0.0,4.8,5.8,SSW,37.0,16:53,18.4,67.0,8.0,SSE,7,1020.5,20.5,65,3.0,SSW,19,1018.7,4442.97
204,2021/08/24,6.4,13.1,10.4,4.0,6.2,S,39.0,09:38,10.8,53.0,7.0,SSE,17,1021.5,11.7,55,6.0,S,17,1021.6,5228.87
41,2021/03/14,11.0,17.7,17.2,7.4,10.0,SW,31.0,02:19,11.9,71.0,1.0,W,7,1021.1,17.2,49,5.0,S,15,1021.8,3899.08
86,2021/04/28,7.4,16.9,0.4,3.0,9.5,SSW,22.0,15:03,12.3,87.0,1.0, ,Calm,1026.4,14.8,70,5.0,S,13,1023.9,5135.79
32,2021/03/05,15.0,18.0,1.4,4.4,3.6,S,35.0,00:36,15.8,55.0,7.0,S,13,1015.1,17.1,53,7.0,SSW,20,1015.7,4542.26
138,2021/06/19,9.1,16.2,2.2,1.6,4.0,SE,28.0,10:38,11.4,100.0,7.0,S,6,1024.5,13.4,86,6.0,SSW,13,1025.1,4900.7
178,2021/07/29,6.7,15.4,0.8,3.4,7.8,NNW,41.0,14:41,8.7,67.0,6.0,NNW,19.0,1013.5,14.9,52,1.0,NNW,17,1013.5,5536.56
48,2021/03/21,16.7,21.7,1.2,3.0,0.0,ESE,17.0,16:34,18.9,96.0,8.0,S,2,1022.6,21.5,86,8.0, ,Calm,1020.0,4273.27
95,2021/05/07,10.5,21.5,0.2,2.4,3.6,NE,15.0,06:35,13.9,91.0,4.0,N,7,1014.8,20.2,37,6.0, ,Calm,1011.3,5016.13
62,2021/04/04,15.2,24.5,0.0,8.6,10.1,S,35.0,14:18,22.9,50.0,0.0,NNW,11,1018.5,20.0,72,1.0,S,15,1018.0,4060.35
163,2021/07/14,9.8,13.9,2.2,3.0,0.5,N,44.0,05:56,10.3,84.0,7.0,N,13.0,1005.0,13.4,73,7.0,N,24,1000.8,5794.0
110,2021/05/22,3.6,19.2,0.0,3.0,9.3,N,35.0,12:19,6.8,77.0,1.0,NNE,7,1027.0,18.9,36,0.0,N,13,1023.6,4845.72
64,2021/04/06,12.8,20.2,0.0,4.0,4.4,SSW,26.0,12:38,16.2,64.0,7.0,SE,9,1023.7,19.6,59,6.0,SSW,11,1021.5,4470.84
113,2021/05/25,10.6,20.9,0.0,5.6,3.2,N,57.0,12:48,18.4,50.0,6.0,NNE,20,1015.3,15.5,76,8.0,N,22,1009.6,4975.75
299,2021/11/27,11.4,21.6,0.0,5.8,12.8,SSE,46.0,09:05,15.4,58.0,1.0,SE,22,1023.8,20.7,39,3.0,ESE,20,1021.3,3465.39
321,2021/12/19,15.2,23.1,0.0,8.6,4.2,SW,65.0,13:47,18.5,82.0,7.0,NNE,9,1001.8,15.4,82,7.0,W,20,1004.5,3911.59
256,2021/10/15,9.3,17.1,0.6,4.6,5.0,W,44.0,12:56,12.2,76.0,4.0,WNW,7,1004.1,12.8,76,7.0,WNW,11,1001.7,4738.88
331,2021/12/29,11.9,22.4,0.0,8.0,13.7,SSW,30.0,16:33,17.6,68.0,3.0,W,6,1019.6,21.6,59,1.0,SSW,9,1016.5,3838.61
84,2021/04/26,10.9,17.9,1.2,2.2,0.8,SSW,20.0,10:50,13.6,83.0,7.0,SW,6,1027.9,16.1,68,7.0,S,9,1027.1,5093.54
176,2021/07/27,10.1,17.1,0.0,3.4,4.3,N,67.0,21:40,11.1,67.0,2.0,N,19.0,1011.1,16.4,48,7.0,N,26,1003.7,5209.82
397,2022/03/05,17.3,22.2,37.8,10.0,1.5,SSW,37.0,15:06,17.5,94.0,7.0, ,Calm,1006.9,21.1,77,7.0,SSE,13,1007.5,4454.08
115,2021/05/27,9.8,15.0,0.4,1.6,0.6,W,33.0,14:15,11.3,94.0,7.0,SSW,4,1025.9,14.2,73,7.0,WSW,11,1025.3,5311.34
238,2021/09/27,5.1,19.4,0.0,3.8,11.2,N,43.0,09:17,13.1,55.0,5.0,NNE,9,1023.1,18.5,36,5.0,N,15,1018.2,4489.43
392,2022/02/28,18.9,23.9,0.0,4.8,3.7,SSW,26.0,20:05,19.9,78.0,8.0,SSE,6,1014.3,22.3,71,6.0,SSW,7,1012.8,4919.1
311,2021/12/09,12.2,17.7,1.8,5.0,0.2,SE,43.0,11:08,15.1,74.0,7.0,SSE,13,1017.5,16.8,65,8.0,SSE,19,1017.4,4678.31
188,2021/08/08,5.8,16.4,0.6,1.2,5.5,N,17.0,08:51,7.2,100.0,1.0,N,11,1032.6,14.6,58,7.0,S,6,1029.3,4812.15
260,2021/10/19,9.2,16.4,0.8,2.6,5.0,S,35.0,14:44,12.7,68.0,7.0,SSW,13,1022.5,14.6,70,7.0,SSW,15,1022.0,4626.27
247,2021/10/06,8.2,21.6,0.2,4.4,8.6,NNW,39.0,14:34,12.4,68.0,1.0,N,11,1014.8,21.3,37,5.0,NNW,19,1009.8,4403.2
303,2021/12/01,18.5,32.4,0.0,11.4,5.2,WSW,43.0,15:17,23.3,48.0,7.0,NNE,11,1012.4,30.5,34,4.0,N,13,1010.6,5072.66
259,2021/10/18,9.9,16.9,0.0,2.0,0.9,SSW,35.0,20:15,15.5,57.0,8.0,WNW,9,1013.3,16.1,59,8.0,S,11,1013.6,4867.07
97,2021/05/09,11.0,20.5,0.4,0.0,7.1,NW,28.0,13:06,13.7,97.0,6.0, ,Calm,1018.4,19.5,45,3.0,WNW,6,1014.9,4138.75
208,2021/08/28,5.3,17.8,0.0,1.6,9.6,N,39.0,13:14,9.1,80.0,1.0,N,7,1018.6,17.4,31,3.0,NNW,24,1013.5,4356.35
98,2021/05/10,11.7,16.9,0.2,3.8,0.5,N,41.0,13:18,14.3,68.0,7.0,N,19,1010.2,16.2,56,7.0,NNW,13,1007.6,4963.93
387,2022/02/23,15.1,32.0,0.0,6.4,9.4,SSE,31.0,17:24,19.8,69.0,2.0, ,Calm,1018.0,30.1,41,5.0,SSW,9,1014.9,5225.15
3,2021/02/04,13.5,30.6,0.0,6.6,4.1,NNW,43.0,12:58,17.3,72.0,7.0,NE,7,1005.5,29.2,32,7.0,N,28,1002.7,4952.52
378,2022/02/14,17.8,31.6,0.0,12.6,12.2,NW,46.0,10:15,23.4,46.0,3.0,SSW,2,1019.8,22.4,69,1.0,SSW,19,1019.8,5337.33
252,2021/10/11,7.4,14.4,0.4,4.0,4.4,SSW,33.0,08:46,9.8,77.0,5.0,WSW,11,1019.5,12.9,57,5.0,S,17,1018.9,4716.47
269,2021/10/28,15.4,28.3,0.2,9.2,5.4,NE,50.0,21:49,16.9,77.0,7.0, ,Calm,1010.5,27.5,40,7.0,N,11,1003.1,4437.56
270,2021/10/29,11.3,15.5,5.0,8.2,6.4,N,76.0,05:13,12.4,69.0,7.0,W,15,1002.5,13.3,63,6.0,SW,13,1011.1,4209.37
385,2022/02/21,13.7,20.3,1.6,5.8,11.3,S,35.0,23:25,16.3,65.0,1.0,SW,9,1012.4,19.1,45,6.0,S,13,1013.8,4258.16
145,2021/06/26,10.0,13.4,5.6,0.2,4.6,NNW,28.0,22:26,10.5,79.0,3.0,W,9,1019.9,12.4,56,3.0,WSW,9,1020.1,5037.12
254,2021/10/13,9.9,18.8,0.0,3.6,3.1,SW,43.0,21:18,14.1,68.0,7.0,NNE,11,1011.8,18.3,56,7.0,NNE,17,1007.4,4592.06
196,2021/08/16,11.0,14.4,0.2,6.6,2.8,WNW,44.0,12:45,12.2,70.0,7.0,WNW,13,1022.8,14.2,62,7.0,WSW,17,1022.8,5063.75
180,2021/07/31,9.9,18.1,0.0,7.0,6.3,N,54.0,01:23,13.1,54.0,1.0,N,20.0,1006.1,17.1,48,6.0,N,22,1002.0,4611.14
381,2022/02/17,17.1,24.3,0.0,4.0,2.4,S,28.0,18:48,17.8,73.0,7.0,WSW,7,1012.6,22.6,53,7.0,S,13,1011.4,4555.61
399,2022/03/07,15.9,23.1,0.0,2.8,8.1,SSE,37.0,01:10,18.4,72.0,2.0,ESE,6,1015.6,22.2,64,4.0,SW,13,1013.0,4535.64
237,2021/09/26,5.0,15.4,0.2,2.4,9.7,SSW,31.0,14:48,11.8,57.0,1.0,SE,7,1028.2,14.1,52,1.0,SSW,17,1024.8,4083.38
240,2021/09/29,12.6,19.3,0.0,5.2,0.8,SE,33.0,17:37,13.7,77.0,7.0, ,Calm,1015.2,18.7,60,7.0,S,7,1011.1,4634.31
172,2021/07/23,7.8,11.3,0.0,0.6,1.5,N,31.0,01:36,8.2,80.0,7.0,N,7.0,1006.8,10.9,64,7.0,N,13,1003.6,6001.35
305,2021/12/03,13.0,20.4,8.8,7.0,11.7,S,33.0,17:39,15.9,66.0,1.0,SSW,9,1020.0,19.2,53,4.0,SSW,13,1018.7,4249.22
69,2021/04/11,8.1,14.5,3.4,5.2,6.1,S,56.0,12:02,9.8,75.0,4.0,WNW,11,1014.8,14.1,56,5.0,SSW,19,1016.9,4389.78
319,2021/12/17,9.9,30.8,0.0,6.8,10.2,NNE,30.0,14:34,16.9,59.0,1.0,N,7,1014.4,29.3,30,6.0,SSW,7,1009.3,4633.92
365,2022/02/01,19.8,23.6,0.0,9.6,8.4,SSW,50.0,18:28,20.5,73.0,3.0,SW,9,1003.4,22.0,62,6.0,S,17,1003.3,4768.11
362,2022/01/29,17.5,21.8,38.6,5.4,0.3,S,30.0,14:12,18.8,96.0,7.0,SSE,7,1017.5,21.0,70,7.0,S,17,1017.0,4397.5
394,2022/03/02,19.7,29.6,6.0,0.6,4.4,SSE,22.0,16:38,21.0,87.0,7.0,NNE,6,1013.4,27.6,49,6.0,S,4,1011.4,5288.13
320,2021/12/18,16.6,33.5,0.0,12.8,11.0,N,46.0,08:51,28.2,32.0,4.0,N,15,1004.1,21.5,64,4.0,S,22,1007.2,4463.13
359,2022/01/26,19.6,36.0,0.0,9.2,10.5,NW,46.0,19:32,24.0,67.0,1.0, ,Calm,1010.0,35.2,35,2.0,WSW,6,1006.1,5775.81
72,2021/04/14,11.5,20.8,0.0,7.8,6.8,N,43.0,01:40,18.0,46.0,1.0,NW,13,1010.9,20.1,46,7.0,WSW,11,1011.1,4586.08
90,2021/05/02,13.7,26.0,0.0,6.4,3.8,N,39.0,14:18,17.5,59.0,7.0,NNE,7,1023.3,25.3,36,2.0,N,20,1018.9,4061.56
168,2021/07/19,9.1,13.0,0.0,1.8,2.9,NNW,31.0,14:00,10.4,72.0,7.0,N,13.0,1016.2,12.2,72,7.0,N,11,1012.5,5739.95
59,2021/04/01,12.4,29.9,0.0,4.4,10.8,NNW,20.0,11:49,14.4,86.0,1.0,NE,9,1024.3,28.7,30,3.0,SE,7,1021.6,4794.32
20,2021/02/21,17.9,20.6,0.0,6.0,0.0,S,30.0,20:43,18.1,87.0,8.0,ESE,6,1011.4,19.0,75,8.0,SSW,13,1010.6,4417.7
65,2021/04/07,14.9,23.0,0.0,3.2,4.9,SSW,20.0,16:55,15.8,82.0,8.0, ,Calm,1020.2,21.6,61,1.0,SSW,9,1015.8,4725.88
330,2021/12/28,11.4,22.6,0.0,8.0,11.9,SSW,41.0,14:46,15.0,62.0,1.0,N,7,1021.9,21.8,49,2.0,SSW,15,1018.5,3333.95
26,2021/02/27,11.3,18.6,0.0,6.0,1.0,SSW,20.0,17:50,13.5,71.0,7.0,NNE,6,1013.4,17.8,62,7.0,SSW,9,1012.8,4309.07
367,2022/02/03,13.3,18.2,1.2,4.2,2.2,SSW,39.0,09:20,16.7,53.0,7.0,S,15,1014.9,17.1,56,7.0,SSW,19,1016.4,4337.31
277,2021/11/05,13.3,22.9,0.0,3.8,7.9,SSW,24.0,14:09,17.2,79.0,7.0, ,Calm,1021.7,21.5,70,2.0,SSW,9,1016.1,4351.62
337,2022/01/04,16.2,23.1,0.0,7.6,0.5,SSE,43.0,20:06,18.5,73.0,8.0,S,9,1013.2,20.8,73,8.0,SW,9,1012.1,4216.63
333,2021/12/31,16.6,37.7,0.0,11.4,12.8,NNW,46.0,10:51,27.5,42.0,0.0,N,9,1010.1,36.2,19,1.0,NNW,19,1007.0,5246.91
380,2022/02/16,16.4,25.8,0.0,5.6,2.4,SSW,19.0,11:50,18.5,75.0,7.0, ,Calm,1016.2,22.1,69,7.0,S,7,1012.2,5016.35
54,2021/03/27,13.2,21.3,3.4,3.8,4.1,NW,31.0,14:21,14.9,88.0,7.0,NNW,7,1010.8,19.9,44,2.0,WNW,7,1010.6,4148.3
313,2021/12/11,12.6,22.4,0.0,4.6,8.6,SE,35.0,18:54,16.7,65.0,5.0,SE,13,1018.9,21.5,47,7.0,SE,17,1016.8,3823.86
266,2021/10/25,10.4,15.2,0.8,4.4,5.1,SSW,39.0,12:51,12.1,63.0,7.0,SSW,13,1021.7,14.3,54,6.0,S,19,1020.9,4599.85
401,2022/03/09,14.6,22.0,0.0,4.0,11.1,S,43.0,16:00,16.5,64.0,1.0,SE,17,1021.1,20.9,45,4.0,S,20,1019.6,4206.54
200,2021/08/20,8.7,17.3,0.8,3.6,3.2,N,50.0,14:27,11.3,80.0,6.0,NNE,11,1016.7,16.7,51,3.0,N,28,1012.1,5231.77
275,2021/11/03,16.5,25.1,0.0,12.6,0.1,NNW,52.0,09:39,23.8,42.0,7.0,N,20,1015.3,19.0,88,8.0,NNE,11,1016.8,4639.16
234,2021/09/23,10.0,21.5,0.0,2.8,11.4,NNW,35.0,16:27,12.7,80.0,2.0,WNW,6,1020.2,19.9,42,1.0,S,7,1014.5,4360.88
81,2021/04/23,12.1,17.3,0.4,3.0,2.0,WSW,31.0,09:24,14.7,66.0,7.0,W,11,1018.6,16.4,51,7.0,WSW,9,1018.5,5013.69
119,2021/05/31,3.0,16.1,0.0,2.2,9.1,NNE,31.0,15:39,5.7,76.0,0.0,NNE,11,1025.2,15.7,48,2.0,NNE,17,1021.6,5462.06
2,2021/02/03,13.7,25.9,0.0,5.4,13.1,SE,33.0,16:58,16.5,66.0,5.0,SSE,11,1016.5,24.1,44,2.0,SE,7,1011.1,4420.83
99,2021/05/11,10.7,16.3,15.8,2.8,0.1,S,41.0,04:50,12.2,100.0,8.0,SSW,9,1018.7,15.7,71,7.0,SE,17,1021.3,5169.06
322,2021/12/20,12.2,28.6,1.8,6.8,12.9,NNW,39.0,07:26,16.7,50.0,1.0,NW,15,1014.2,26.8,35,3.0,NNW,15,1011.8,4046.54
390,2022/02/26,18.4,29.1,0.0,4.8,10.8,SE,35.0,18:08,19.8,74.0,5.0,ESE,7,1018.2,28.2,45,3.0,SE,11,1015.0,4292.37
79,2021/04/21,7.1,14.9,10.4,0.2,7.7,N,19.0,23:00,10.0,65.0,1.0,NW,2,1019.2,14.2,48,6.0,S,7,1015.4,5143.59
14,2021/02/15,14.4,24.6,0.0,5.6,9.2,SSE,22.0,07:37,17.0,73.0,7.0,SSE,9,1022.0,23.0,54,7.0,SSW,11,1019.6,4451.89
357,2022/01/24,20.2,33.7,0.0,10.8,10.6,SE,31.0,17:40,25.3,52.0,6.0,NNE,9,1011.4,32.3,36,3.0,SSW,9,1007.3,6050.81
307,2021/12/05,10.2,21.5,0.0,3.4,13.0,WSW,30.0,13:12,14.8,47.0,1.0,SE,13,1022.2,18.0,56,6.0,SSW,15,1018.9,3633.35
161,2021/07/12,5.9,16.1,0.0,3.0,5.1,N,50.0,12:55,11.4,71.0,7.0,N,13.0,1018.1,15.8,44,1.0,N,24,1013.6,5559.84
245,2021/10/04,11.8,18.1,1.0,3.0,8.0,W,63.0,13:24,13.1,63.0,7.0,N,15,999.4,13.6,55,4.0,NW,13,999.3,4341.18
92,2021/05/04,9.4,15.5,30.8,4.6,0.1,S,39.0,14:46,12.0,100.0,7.0, ,Calm,1019.9,14.4,78,8.0,S,19,1021.5,5247.58
121,2021/06/02,9.2,19.6,0.0,3.2,7.7,NNW,33.0,13:14,12.4,63.0,1.0,N,9,1018.8,19.0,44,5.0,N,11,1015.2,5209.58
10,2021/02/11,17.2,32.8,0.0,8.0,5.5,N,46.0,12:20,24.3,58.0,6.0,NNE,9,1008.7,31.8,31,7.0,N,22,1004.5,5619.33
142,2021/06/23,5.6,15.3,0.0,2.7,2.1,N,46.0,10:33,13.9,63.0,8.0,N,9,1019.4,14.8,67,7.0,N,17,1012.5,5620.05
15,2021/02/16,15.9,31.3,0.0,6.2,8.3,N,33.0,09:27,20.2,67.0,7.0,NE,9,1021.6,30.2,32,5.0,ENE,7,1019.2,5104.88
91,2021/05/03,12.5,18.2,0.2,6.8,0.8,S,28.0,18:35,15.0,80.0,7.0,SW,7,1019.6,17.0,74,7.0,SSW,9,1017.6,4937.26
373,2022/02/09,19.1,30.9,0.0,9.2,4.4,SSW,39.0,17:38,22.8,43.0,8.0,N,15,1008.8,30.1,32,6.0,S,7,1006.5,4974.47
102,2021/05/14,7.8,15.6,4.2,2.4,4.5,W,35.0,11:04,11.5,71.0,3.0,NW,11,1014.5,13.5,67,3.0,WSW,6,1013.6,5182.52
53,2021/03/26,11.2,22.0,0.2,2.8,6.5,N,33.0,12:05,13.3,77.0,1.0,NE,9,1013.7,20.4,46,7.0,NNW,17,1011.0,4613.95
267,2021/10/26,6.3,18.1,0.0,2.2,11.7,SSW,24.0,14:33,11.8,70.0,1.0,NE,6,1021.4,17.4,53,1.0,SSW,15,1017.9,4411.49
167,2021/07/18,8.5,14.2,4.2,1.0,3.0,WNW,28.0,01:03,10.4,83.0,3.0,NW,9.0,1014.5,13.0,65,7.0,SW,7,1015.1,5030.86
382,2022/02/18,15.4,21.0,0.0,5.8,7.3,SSW,41.0,11:28,16.9,68.0,7.0,WSW,9,1014.8,19.2,55,7.0,S,13,1017.4,4289.42
149,2021/06/30,5.5,16.9,0.0,1.2,6.8,N,39.0,14:04,11.3,79.0,1.0,NNE,9,1026.8,16.8,57,1.0,N,19,1022.6,5367.66
292,2021/11/20,13.0,16.9,0.0,3.4,7.6,SSW,35.0,13:30,14.6,63.0,7.0,SSW,7,1015.2,15.8,45,4.0,S,20,1015.4,3912.04
203,2021/08/23,10.8,14.3,0.8,7.0,5.4,NW,50.0,00:12,11.2,67.0,3.0,WSW,11,1011.1,11.7,54,5.0,WSW,9,1012.2,4984.06
4,2021/02/05,17.3,29.8,0.4,7.8,8.9,NNW,52.0,10:27,24.1,62.0,7.0,NNE,19,1000.5,25.9,63,7.0,NNE,24,997.5,5020.45
135,2021/06/16,8.3,16.0,1.8,2.2,2.9,NNW,41.0,12:56,11.5,88.0,7.0,NNE,13,1011.4,15.4,60,7.0,N,15,1008.1,5505.86
87,2021/04/29,8.2,18.4,0.0,2.2,9.9,SSW,17.0,13:44,12.0,83.0,1.0, ,Calm,1025.1,17.5,66,2.0,SSW,9,1022.9,5132.37
16,2021/02/17,16.6,28.8,0.0,7.4,11.9,SSW,26.0,14:37,20.1,73.0,4.0,NE,7,1021.7,27.1,52,1.0,SW,7,1020.3,5387.56
379,2022/02/15,17.9,22.5,0.0,9.8,6.7,SSW,28.0,17:48,18.4,74.0,8.0,SSE,9,1024.6,21.3,61,3.0,SW,9,1022.7,4859.47
190,2021/08/10,9.1,17.7,0.0,2.4,8.1,N,52.0,11:11,12.4,77.0,6.0,N,19,1022.4,17.5,45,6.0,N,24,1017.9,4912.91
408,2022/03/16,18.9,23.2,0.0,3.6,1.7,NNE,41.0,10:29,19.9,78.0,7.0,N,9,1018.8,22.2,58,7.0,N,19,1016.4,4832.51
409,2022/03/17,17.7,29.2,0.0,4.6,5.0,N,33.0,09:28,20.9,67.0,7.0,NNE,6,1015.2,27.8,53,5.0,NNW,11,1013.0,5101.26
308,2021/12/06,12.8,27.4,0.0,7.6,10.8,N,46.0,08:24,21.3,42.0,3.0,N,24,1014.1,26.5,40,6.0,N,24,1010.0,4451.5
198,2021/08/18,7.6,15.5,0.6,1.8,1.8,N,24.0,14:41,10.4,82.0,7.0,NW,9,1026.0,15.1,53,7.0,N,13,1021.9,5429.55
24,2021/02/25,11.3,24.3,0.0,5.8,8.7,SSW,39.0,19:08,13.4,72.0,7.0,E,4,1012.8,23.4,37,2.0,W,11,1009.1,4477.35
276,2021/11/04,13.5,17.5,45.4,3.0,8.3,SSW,39.0,15:24,14.9,73.0,7.0,SSE,9,1025.8,17.4,72,1.0,SSW,19,1025.0,4089.18
318,2021/12/16,12.8,19.9,0.0,3.0,11.4,SW,33.0,16:15,15.9,77.0,7.0,SSW,13,1017.5,18.6,56,1.0,SSW,17,1017.0,4237.13
244,2021/10/03,12.6,22.0,0.0,1.4,5.9,NNW,35.0,16:57,13.9,88.0,4.0,N,9,1004.6,21.2,48,7.0,NW,11,999.3,3954.97
264,2021/10/23,12.7,16.1,14.6,7.6,0.0,SSW,39.0,22:51,13.5,93.0,8.0,SSW,9,1015.0,13.5,83,8.0,SSW,11,1016.8,4278.16
111,2021/05/23,6.1,20.2,0.0,3.4,8.8,NNW,24.0,13:50,8.7,78.0,3.0,NNE,11,1027.4,20.1,42,3.0,NNE,13,1024.9,4579.13
187,2021/08/07,10.5,15.5,0.0,1.6,2.4,NW,30.0,06:10,11.2,75.0,7.0,NW,11,1026.9,13.2,75,7.0,SSW,11,1026.4,4967.19
183,2021/08/03,8.7,14.5,4.8,2.6,4.1,NNW,35.0,12:23,10.6,77.0,2.0,N,9,1008.1,13.3,53,6.0,WNW,15,1007.7,5530.0
96,2021/05/08,9.9,19.8,0.0,2.8,5.1,SW,24.0,16:55,15.1,76.0,2.0,W,4,1013.9,17.3,69,7.0,SSW,6,1013.4,4400.58
210,2021/08/30,6.4,17.6,4.0,1.4,7.4,NNW,50.0,14:04,11.1,70.0,7.0,N,15,1016.1,16.8,45,1.0,NNW,28,1013.2,4836.63
25,2021/02/26,13.3,19.7,0.4,7.0,6.3,SSW,33.0,14:18,14.7,64.0,7.0,WSW,7,1014.5,18.6,49,5.0,S,17,1014.1,4491.96
235,2021/09/24,11.0,18.8,0.0,7.6,9.1,NW,50.0,10:32,16.1,51.0,1.0,NNW,13,1009.0,17.3,40,5.0,WNW,17,1007.7,4036.37
224,2021/09/13,7.1,14.3,5.6,3.6,9.1,S,37.0,09:59,12.2,70.0,7.0,S,6,1019.3,13.1,59,4.0,SSW,19,1021.4,4902.53
361,2022/01/28,21.7,32.8,1.6,13.2,4.6,S,43.0,13:04,27.9,59.0,6.0,N,15,1008.8,21.1,100,7.0,S,17,1010.7,5986.79
166,2021/07/17,7.6,13.7,0.2,2.8,0.8,NNW,33.0,07:56,8.7,67.0,7.0,N,13.0,992.8,13.2,66,7.0,W,11,996.7,5230.87
265,2021/10/24,10.1,15.3,2.0,1.8,7.2,SW,41.0,08:30,12.5,54.0,6.0,S,13,1022.5,14.5,49,7.0,S,19,1022.2,3934.75
363,2022/01/30,18.7,29.2,0.0,3.0,6.2,SE,30.0,17:26,21.3,76.0,7.0,N,4,1015.4,25.8,64,6.0,S,13,1012.3,4710.65
164,2021/07/15,10.0,17.1,3.0,1.6,7.0,N,43.0,12:40,12.3,84.0,5.0,N,17.0,1000.0,16.4,67,4.0,N,22,996.6,5345.47
317,2021/12/15,15.2,17.7,0.0,6.0,0.0,SSW,28.0,14:27,16.8,85.0,8.0,SW,9,1013.4,16.7,72,8.0,S,13,1014.9,4833.67
366,2022/02/02,14.9,19.9,3.2,8.6,1.1,S,41.0,23:32,16.4,53.0,4.0,S,11,1011.7,19.2,47,7.0,SSW,15,1012.4,4303.9
294,2021/11/22,10.2,20.8,0.0,5.0,11.4,SSW,24.0,16:02,15.8,65.0,3.0,SE,7,1022.7,18.8,62,7.0,SSW,13,1019.8,4140.19
112,2021/05/24,6.8,19.9,0.0,2.6,4.8,NE,31.0,12:40,10.7,73.0,7.0,NE,9,1027.4,18.4,47,6.0,N,13,1023.4,5052.52
388,2022/02/24,19.3,22.7,0.0,6.8,2.9,S,37.0,17:09,20.6,87.0,7.0,SSW,9,1019.2,21.7,72,7.0,S,17,1018.3,5046.33
139,2021/06/20,5.2,14.5,0.0,0.0,6.9,SE,20.0,10:40,9.1,100.0,1.0,E,4,1027.8,13.8,69,2.0, ,Calm,1025.4,4992.05
343,2022/01/10,15.5,31.4,0.2,6.8,10.9,SSW,31.0,12:46,18.6,76.0,5.0,NE,9,1017.9,28.3,57,2.0,SSW,9,1016.2,4912.22
